"Move In","In Time","Move Out","Out Time"
"1","2025-06-08 14:21","",""
"2","2025-06-08 14:21","",""
"3","2025-06-08 14:21","",""
"4","2025-06-08 14:21","",""
"5","2025-06-08 14:21","",""
"6","2025-06-08 14:21","",""
"7","2025-06-08 14:21","",""
"8","2025-06-08 14:21","",""
"9","2025-06-08 14:21","",""
"10","2025-06-08 14:21","",""
"11","2025-06-08 14:21","",""
"12","2025-06-08 14:21","",""
"13","2025-06-08 14:21","",""
"14","2025-06-08 14:21","",""
"15","2025-06-08 14:21","",""
"16","2025-06-08 14:21","",""
"17","2025-06-08 14:21","",""
"18","2025-06-08 14:21","",""
"19","2025-06-08 14:21","",""
"20","2025-06-08 14:21","",""
"21","2025-06-08 14:21","",""
"22","2025-06-08 14:21","",""
"23","2025-06-08 14:21","",""
"24","2025-06-08 14:21","",""
"25","2025-06-08 14:21","",""
"26","2025-06-08 14:21","",""
"27","2025-06-08 14:21","",""
"28","2025-06-08 14:21","",""
"29","2025-06-08 14:21","",""
"30","2025-06-08 14:21","",""
"31","2025-06-08 14:21","",""
"32","2025-06-08 14:22","",""
"33","2025-06-08 14:22","",""
"34","2025-06-08 14:22","",""
